{
    "pools": [
        {
            "rolls": 1,
            "entries": [
                {
                    "type": "item",
                    "weight": 1,
                    "name": "minecraft:diamond_chestplate",
                    "functions": [
                        {
                            "function": "enchant_randomly",
                            "conditions": [
                                {
                                    "condition": "random_chance",
                                    "chance": 0.1
                                }
                            ]
                        },
                        {
                            "function": "enchant_with_levels",
                            "levels": {
                                "min": 0,
                                "max": 5
                            },
                            "conditions": [
                                {
                                    "condition": "random_chance",
                                    "chance": 0.1
                                }
                            ]
                        }
                    ]
                }
            ]
        }
    ]
}