{
    "pools": [
        {
            "rolls": 1,
            "entries": [
                {
                    "type": "item",
                    "weight": 1,
                    "name": "minecraft:shield",
                    "functions": [
                        {
                            "function": "enchant_randomly",
                            "conditions": [
                                {
                                    "condition": "random_chance",
                                    "chance": 0.4
                                }
                            ]
                        },
                        {
                            "function": "enchant_with_levels",
                            "levels": {
                                "min": 0,
                                "max": 5
                            },
                            "conditions": [
                                {
                                    "condition": "random_chance",
                                    "chance": 0.4
                                }
                            ]
                        }
                    ]
                },
				{
                    "type": "item",
                    "weight": 1,
                    "name": "minecraft:carrot_on_a_stick",
                    "functions": [
                        {
                            "function": "enchant_randomly",
                            "conditions": [
                                {
                                    "condition": "random_chance",
                                    "chance": 0.4
                                }
                            ]
                        },
                        {
                            "function": "enchant_with_levels",
                            "levels": {
                                "min": 0,
                                "max": 5
                            },
                            "conditions": [
                                {
                                    "condition": "random_chance",
                                    "chance": 0.4
                                }
                            ]
                        }
                    ]
                },
				{
                    "type": "item",
                    "weight": 1,
                    "name": "minecraft:shears",
                    "functions": [
                        {
                            "function": "enchant_randomly",
                            "conditions": [
                                {
                                    "condition": "random_chance",
                                    "chance": 0.4
                                }
                            ]
                        },
                        {
                            "function": "enchant_with_levels",
                            "levels": {
                                "min": 0,
                                "max": 5
                            },
                            "conditions": [
                                {
                                    "condition": "random_chance",
                                    "chance": 0.4
                                }
                            ]
                        }
                    ]
                },
				{
                    "type": "item",
                    "weight": 1,
                    "name": "minecraft:flint_and_steel",
                    "functions": [
                        {
                            "function": "enchant_randomly",
                            "conditions": [
                                {
                                    "condition": "random_chance",
                                    "chance": 0.4
                                }
                            ]
                        },
                        {
                            "function": "enchant_with_levels",
                            "levels": {
                                "min": 0,
                                "max": 5
                            },
                            "conditions": [
                                {
                                    "condition": "random_chance",
                                    "chance": 0.4
                                }
                            ]
                        }
                    ]
                },
				{
                    "type": "item",
                    "weight": 1,
                    "name": "minecraft:fishing_rod",
                    "functions": [
                        {
                            "function": "enchant_randomly",
                            "conditions": [
                                {
                                    "condition": "random_chance",
                                    "chance": 0.4
                                }
                            ]
                        },
                        {
                            "function": "enchant_with_levels",
                            "levels": {
                                "min": 0,
                                "max": 5
                            },
                            "conditions": [
                                {
                                    "condition": "random_chance",
                                    "chance": 0.4
                                }
                            ]
                        }
                    ]
                },
				{
                    "type": "item",
                    "weight": 1,
                    "name": "minecraft:lead"
                },
				{
                    "type": "item",
                    "weight": 1,
                    "name": "minecraft:clock"
                },
				{
                    "type": "item",
                    "weight": 1,
                    "name": "minecraft:compass"
                },
				{
                    "type": "item",
                    "weight": 1,
                    "name": "minecraft:name_tag"
                },
				{
                    "type": "item",
                    "weight": 1,
                    "name": "minecraft:bucket"
                }
            ]
        }
    ]
}