{
    "pools": [
        {
            "rolls": 1,
            "entries": [
                {
                    "type": "item",
                    "weight": 1,
                    "name": "minecraft:iron_ingot"
                },
                {
                    "type": "item",
                    "weight": 1,
                    "name": "minecraft:gold_ingot"
                },
                {
                    "type": "item",
                    "weight": 1,
                    "name": "minecraft:diamond"
                },
                {
                    "type": "item",
                    "weight": 1,
                    "name": "minecraft:emerald"
                },
                {
                    "type": "item",
                    "weight": 1,
                    "name": "minecraft:coal"
                },
				{
                    "type": "item",
                    "weight": 1,
                    "name": "minecraft:charcoal"
                },
				{
                    "type": "item",
                    "weight": 1,
                    "name": "minecraft:lapis_lazuli"
                },
				{
                    "type": "item",
                    "weight": 1,
                    "name": "minecraft:quartz"
                },
				{
                    "type": "item",
                    "weight": 1,
                    "name": "minecraft:redstone"
                },
				{
                    "type": "item",
                    "weight": 1,
                    "name": "minecraft:firework_star",
                    "functions": [
                        {
                            "function": "set_nbt",
                            "tag": "{CustomModelData:5001,Tags:[\"zcbm_unst\",\"zcbm_steel\"],display:{Name:\"{\\\"translate\\\":\\\"steel\\\",\\\"color\\\":\\\"aqua\\\",\\\"italic\\\":\\\"false\\\"}\",Lore:[\"{\\\"translate\\\":\\\"f_o_c\\\",\\\"color\\\":\\\"gray\\\",\\\"italic\\\":\\\"false\\\"}\"]}}"
                        }
                    ]
                },
				{
                    "type": "item",
                    "weight": 1,
                    "name": "minecraft:firework_star",
                    "functions": [
                        {
                            "function": "set_nbt",
                            "tag": "{CustomModelData:5002,Tags:[\"zcbm_unst\",\"zcbm_hsteel\"],display:{Name:\"{\\\"translate\\\":\\\"hsteel\\\",\\\"color\\\":\\\"gold\\\",\\\"italic\\\":\\\"false\\\"}\",Lore:[\"{\\\"translate\\\":\\\"f_o_c\\\",\\\"color\\\":\\\"gray\\\",\\\"italic\\\":\\\"false\\\"}\"]}}"
                        }
                    ]
                },
				{
                    "type": "item",
                    "weight": 1,
                    "name": "minecraft:firework_star",
                    "functions": [
                        {
                            "function": "set_nbt",
                            "tag": "{CustomModelData:5003,Tags:[\"zcbm_unst\",\"zcbm_chip1\"],display:{Name:\"{\\\"translate\\\":\\\"microcircuit\\\",\\\"color\\\":\\\"white\\\",\\\"italic\\\":\\\"false\\\"}\",Lore:[\"{\\\"translate\\\":\\\"f_o_c\\\",\\\"color\\\":\\\"gray\\\",\\\"italic\\\":\\\"false\\\"}\"]}}"
                        }
                    ]
                }
            ]
        }
    ]
}