{
	"type": "minecraft:entity",
	"pools": [
		{
			"rolls": 1,
			"entries": [
				{
					"type": "minecraft:item",
					"name": "minecraft:paper",
					"functions": [
						{
							"function": "set_count",
							"count": 1,
							"conditions": [
								{
									"condition": "weather_check",
									"raining": false,
									"thundering": false
								}
							]
						},
						{
							"function": "set_count",
							"count": 2,
							"conditions": [
								{
									"condition": "weather_check",
									"raining": true,
									"thundering": false
								}
							]
						},
						{
							"function": "set_count",
							"count":3,
							"conditions": [
								{
									"condition": "weather_check",
									"raining": true,
									"thundering": true
								}
							]
						}
					]
				}
			]
		}
	]
}