{
    "pools": [
        {
            "rolls": 1,
            "entries": [
                {
                    "type": "item",
                    "weight": 1,
                    "name": "minecraft:firework_star",
                    "functions": [
                        {
                            "function": "set_nbt",
                            "tag": "{CustomModelData:11001,display:{Name:'{\"translate\":\"gem\",\"italic\":false}'}}"
                        }
                    ]
                }
            ]
        }
    ]
}